4050003722788,1,Sherlock Holmes - Die mysteriöse Jagd durch London
4050003725635,2,Advent mit Hildegard von Bingen
9783103977097,1,Meine Zuflucht und mein Sturm
9783314104473,1,Edison - Das Rätsel des verschollenen Mauseschatzes
9783328603450,1,Tote Seelen singen nicht - Der elfte Fall für das Sonderdezernat Q in Kopenhagen - Thriller. Die internationale Bestseller-Reihe rund um den Ermittler Carl Mørck geht weiter!
9783365011713,1,Kiss me in Winter. Eine sugar coated Romance - Roman
9783426530900,1,This could be home - Roman | Band 2 der neuen New-Adult-Reihe von Spiegel-Bestsellerautorin Lilly Lucas | Limitierte Auflage mit Farbschnitt
9783426530917,1,This could be forever - Roman | Band 3 der neuen New-Adult-Reihe von Spiegel-Bestsellerautorin Lilly Lucas | Limitierte Auflage mit Farbschnitt
9783440179635,1,Die drei !!! Der Skandal im Spreepalast
9783440182598,1,Sternenschweif Bücherhelden 1. Klasse Adventskalender Der magische Wunschzettel - Adventskalender für Erstleser ab 6 Jahren. Spielerisch lesen lernen mit vielen weihnachtlichen Rätseln und Aufgaben DIYs Rezepten und Bastelideen
9783455013177,1,Mittwochs am Meer
9783455018080,1,Wilder Wein - Luc Verlains gefährlichster Fall
9783458179153,1,Sylvia und der Vogel
9783458179566,1,Winterschlaf - Vom Überwintern der Tiere
9783458179924,1,Sei wie ein Baum!
9783458643579,1,Der Gesang des Wals
9783458644101,1,Das Eichhörnchen und der verlorene Schatz
9783458644453,1,Eine wunderbare Sache - Kinderbuch ab 5 Jahre | Die zauberhafte Geschichte einer lebenslangen Freundschaft
9783462007619,1,Junge Frau mit Katze - Roman
9783466311736,1,artgerecht - Das andere Schulkinder-Buch - Selbstständigkeit fördern - Gut durch den Schulalltag kommen - Die spannenden Jahre zwischen 6 und 12
9783473416622,1,Mein erstes Vorlese-Fühlbuch: Bist du ein Löwe?
9783473439898,1,Wo bist du kleine Eule? - Mit großen Fühlklappen
9783492071598,1,101 Essays die dein Leben verändern werden
9783492072663,1,Biarritz - Roman | Nach dem SPIEGEL-Bestseller Brunnenstraße ein Mutter-Tochter-Roman
9783551354013,1,Harry Potter und der Stein der Weisen
9783570314432,1,IZARA - Sturmluft - Band 3 der packenden Romantasy-Reihe jetzt im Taschenbuch
9783596032433,1,Das Ende von Eddy
9783716040133,1,Die Uhr die nicht tickt - Kinderlos glücklich
9783733503666,1,Scythe - Das Vermächtnis der Ältesten
9783736305564,1,Save Me
9783737343565,1,Feuerblüte - Tochter der Flammen - Auftakt einer phantastischen Trilogie ab 12 Jahre - Jugendroman von Bestsellerautorin Katja Brandis für alle Fantasy-Fans
9783737364003,1,Das Apfelmäuschen
9783742321992,1,Kochbuch für Teenies - Einfach schnell und superlecker | Cheesecake am Stiel Karottenkuchen-Bowl Overnight Oats Baked Feta-Pasta Nice Cream und Bowls für Partys Schulpause Brunch und mehr
9783743210035,1,Mein Adventskalender zum Rätseln Spielen und Basteln - Mit 24 Überraschungsseiten zum Auftrennen - Geschenkbuch für Kinder ab 4 Jahre
9783743222397,1,Gespensterjäger auf eisiger Spur (Band 1) - Mit 8 neu illustrierten Farbseiten
9783751205603,1,Wie kleine Tiere schlafen gehen. Das große Vorlesebuch - Neue Gutenachtgeschichten
9783751206501,1,Animox als Comic-Roman 3. Die Stadt der Haie
9783757102197,1,Bobo Siebenschläfer: So schön ist der Winter! - Schöne Wintergeschichte zum Vorlesen für Kinder ab 4 Jahre
9783770424412,2,Asterix in Lusitanien
9783786729853,1,Gotteslob - Katholisches Gebet- und Gesangbuch für das Bistum Mainz
9783788620820,1,Was ist was Bd. 74: Naturgewalten. Unberechenbar und mächtig
9783789104992,1,Die Eule mit der Beule. Spielspaß mit vielen Schiebern
9783789113611,1,Licht aus kleine Maus!
9783789141843,1,Weihnachten mit Astrid Lindgren: die schönsten Geschichten von Pippi Langstrumpf Michel Madita den Kindern aus Bullerbü u. a
9783789161742,1,Pettersson kriegt Weihnachtsbesuch
9783789166099,1,Bist du meine Mama? - mit vielen Klappen
9783791391748,1,Iron Maiden. Infinite Dreams - Das offizielle Buch zum Jubiläum. Mit über 600 Abbildungen und vielen persönlichen Dokumenten der Bandmitglieder. Deutsche Ausgabe
9783805200776,1,Der Glocken Schlag
9783809027676,1,Roter Sand - Mord auf Gran Canaria - Kriminalroman
9783830364184,1,Peanuts Geschenkbuch: Frohe Weihnachten mit Snoopy und den Peanuts
9783831044979,1,SUPERLESER! Star Wars(TM) Die Geschichte der Jedi - Sach-Geschichten für Erstleser Lesestufe Leseprofis
9783831046423,1,SUPERLESER! Star Wars(TM) Die Geschichte der Sith - Sach-Geschichten für Erstleser Lesestufe Leseprofis
9783831050420,1,LEGO® Bauideen Roboter
9783833908774,1,Ungeheuer lieb (Band 1)
9783833910616,2,Gregs Tagebuch 20 - Bock auf Party? - Großer Lesespaß mit Comic-Roman-Held Greg Heffley
9783833936593,1,Gregs Tagebuch 13
9783836962612,1,Frühlings-Wimmelbuch
9783840036132,1,Abenteuer Geschichte Tagesabreißkalender 2026 - Menschen Ereignisse Epochen - von den Anfängen bis heute - Wissenskalender mit den wichtigsten Ereignissen der Weltgeschichte. Tischkalender für jeden Tag. Tageskalender 2026 zum Abreißen
9783845859095,1,Sticker-Anziehpuppen Metallic - Winterfeen - Über 200 Sticker mit Metallic-Effekt
9783846601600,1,Good Girl Bad Blood
9783848902415,1,Groß werden - Poetisches Bilderbuch über die Natur das Leben und die Verbindung zwischen Mutter und Kind
9783855353910,1,Der Gang vor die Hunde - Roman
9783888975684,1,Kamfu mir helfen?
9783892560715,1,Die blaue Insel - mit der Titanic in die Ewigkeit ; ein Blick in das Leben im Jenseits ; eine Beschreibung des Überganges jäh aus dem Leben gerissener Menschen
9783897774605,1,Stell dir vor du wärst...ein Tier im Wald
9783958906457,1,Geschichtsmythen - Die Macht historischer Erzählungen
9783959392426,1,Kleines Weihnachtssternchen
9783960310600,1,Mainzer Stadtspaziergänge XI - Finthen Drais Lerchenberg Marienborn
9789403759463,1,Merry Christmas - Englische Kurzgeschichten Adventskalender: - Englisch lernen in der Adventszeit ¿ mit 24 zweisprachigen Weihnachtsgeschichten (inkl. Audios Vokabeln und Übungen)
9781035702503,1,Mein erstes Fahrzeuge-Klappenbuch: Bagger
9783036950730,2,Die Passantin
9783036961941,1,Tage mit mir
9783036961996,2,Die Entflammten
9783103973648,1,Wie konnte das geschehen? Deutschland 1933 bis 1945
9783103976571,2,Das Schwarz an den Händen meines Vaters
9783129496640,2,Bibi & Tina: Die 6 schönsten Reiterhof-Abenteuer
9783150147344,3,"Reclams klassischer Adventskalender. ""Was kümmert uns die kalte Nacht?"""
9783257073355,1,Für Polina
9783257247886,2,Melody
9783257248067,1,Rauch und Schall
9783328112631,1,Schwedenträume und Schokoladenzauber
9783328303855,2,Der Weihnachtskauz
9783328303909,1,Wir alle geMEINSam!
9783328604280,1,Himmelerdenblau
9783365011515,1,Schneegestöber im kleinen Katzencafé
9783401607955,2,Windwalkers - Verborgene Flügel
9783401719948,3,Weil wir zusammengehören
9783401721187,1,Marini Marienkäfer. Sei nicht traurig!
9783401721415,2,Mimi Zuckerperle und die Zauberbäckerei. Das große Knuspertorten-Abenteuer.
9783401721484,1,Sag laut nein und geh nicht mit!
9783401721538,5,Kleines Einhorn Funkelstern - Der geheimnisvolle Freundschaftszauber
9783401721620,1,Benno Bibers Weihnachtswerkstatt. Spielzeug basteln
9783401721699,2,Mimi Zuckerperle und die Zauberbäckerei (2). Die verhexten Regenbogen-Brezeln
9783401722054,3,Ella und der Einhornzauber
9783404194902,1,Das Kamelienhaus
9783406836268,1,Anna oder: Was von einem Leben bleibt
9783407759887,2,Zilly und Zingaro. Die verrückte Nacht
9783411717804,2,Kleines Kuriositätenkabinett der deutschen Sprache
9783423149211,1,Seit er sein Leben mit einem Tier teilt
9783423264303,1,Verraten
9783423264457,1,Apfelstrudel-Alibi
9783423283922,1,Du musst meine Hand fester halten Nr. 104
9783423284523,1,Der Pinguin der fliegen lernte
9783423765855,2,Alle nennen mich Nein-Sam - Ein ahnungsloser Mops beißt sich durch
9783423765879,2,Kalle Keks & Krümel - Die verzauberte Wichteltür
9783423765947,1,Aristide Ledoux - Meisterdieb wider Willen
9783426281758,3,Der Nachbar
9783426530405,1,Die Bibliothek im Nebel
9783426564844,1,Bodenfrost
9783426566787,1,Meet Me Under the Mistletoe
9783426659588,1,Die Frauen von Helgoland. Windflüchterin
9783440179680,2,Die drei !!! - Diebstahl im Weihnachtsdorf
9783440179741,2,Die Auferstehung
9783440182154,3,Die drei !!! Adventskalender 3: Wirbel um das Weihnachts-Pony
9783440182581,4,EXIT® - Das Buch: Der Adventskalender: Die Intrige im Herrenhaus
9783440182840,2,Die drei ??? Kids - Der Adventskalender
9783442142682,2,Der Salzpfad
9783442206544,1,Montmartre - Licht und Schatten
9783442317684,2,Wer Zwietracht sät
9783442317844,1,Die Briefeschreiberin
9783442496532,1,Eine fast perfekte Frau
9783442496891,1,Das Jahr voller Bücher und Wunder
9783442762996,1,BLUT
9783442774241,1,Zwischen Welten
9783442775248,3,Trophäe
9783442775415,1,Möchte die Witwe angesprochen werden …
9783453429499,1,Der Lehrer - Will er dir helfen oder will er deinen Tod?
9783453442139,1,Achtsam morden durch bewusste Ernährung
9783453442153,2,Wenn sie wüsste
9783453443174,2,Munk
9783453607019,1,Allein mit dem Handy: So schützen wir unsere Kinder
9783458645245,2,Vom Glück im Chor zu singen
9783458645344,1,Birdie
9783462008272,1,Zeit sich aus dem Staub zu machen
9783462009248,2,Das verborgene Genie
9783473326976,1,Fußball
9783473329540,1,Wieso? Weshalb? Warum? junior Band 44: Was machen wir an Weihnachten?
9783473419227,1,Lotta feiert Weihnachten
9783473463619,2,Zauberhafte Weihnachtsgeschichten für Erstleser - lesen lernen mit dem 1
9783473463985,2,Die unendliche Klassenfahrt - Spuk auf Burg Hammelstein
9783473464036,1,Hase Hibiskus und die (K)Einschlafparty
9783473464180,1,Die Jagd nach dem magischen Detektivkoffer – Adventskalender
9783473586837,4,Northern Nights. Ein Adventskalender. New-Adult-Lovestorys
9783473600762,2,Wieso? Weshalb? Warum? junior AKTIV - Auf dem Ponyhof
9783473600779,1,Wieso? Weshalb? Warum? Sonderband - Mein ABC der Tiere
9783473600892,2,Wieso? Weshalb? Warum? Meine Vorlesegeschichten Band 3 - Wer ist hi
9783492065290,1,Leichtes Herz und schwere Beine
9783492066242,1,Die mutige Rebellin
9783492071833,1,Sonnenaufgang Nr. 5
9783492072458,1,Und ohne Tabu explodiert die Welt
9783492073660,1,Ein Herz aus Papier und Sternen
9783492321761,1,Die geheime Weihnachtsbibliothek
9783492321990,2,Der Maler und das reine Blau des Himmels
9783492322188,1,Späte Ernte
9783498007706,1,Die Assistentin
9783499003776,1,Besser fühlen
9783499004049,1,Eifelfrauen: Das Haus der Füchsin
9783499009938,1,Eine halbe Ewigkeit
9783499011306,1,Iowa
9783499012693,1,Ein Ort für immer
9783499014383,1,Die schönste Version
9783499016134,1,Ihr habt es gut ihr habt ja mich
9783499017261,1,Das kleine Zuhause in Prag
9783505152023,1,Minecraft Lexikon der Mobs
9783505152887,1,Spekulatius der Weihnachtsdrache. Spekulatius und der Schneeriese
9783518001301,1,Mit Männern leben
9783518432204,1,Mein Name ist Emilia del Valle
9783518432266,1,Das Narrenschiff
9783522186735,1,Kleine Lesehelden: Hörbe mit dem großen Hut
9783522188593,2,Das große Geschichtenfest
9783522204064,1,Momo
9783522459488,2,Dr. Brumms verrückte Woche
9783522509565,1,Winona und der Ruf der Wiccas
9783522900003,1,Velvet Falls but the Gods forgot to die
9783548070476,1,25 letzte Sommer
9783550201776,2,Organisch
9783551173478,1,Alle putzen Zähne!
9783551191540,1,Mach deinen Medienführerschein: Dein großes Mitmachbuch
9783551192530,1,Mein Mutmach-Mitmachbuch
9783551254047,1,Die schönsten Weihnachtslieder
9783551280725,1,Marvel: Das große silberne Spidey-Buch
9783551522337,1,Drachenstarke Weihnachtsnacht
9783551523198,1,Der Tag an dem Max dreimal ins Auto gekotzt hat
9783551557575,1,Jakob und Jelena
9783551559531,3,Wir Jungs vom Prinzenpark
9783551586407,1,Stadt der Magier und Diebe
9783551657374,3,Die Schule der magischen Tiere ermittelt Neuausgabe 7:
9783551691262,3,Die Fellfreunde und das Dschungel-Abenteuer
9783551691316,2,Wortsalat und Buchstabensuppe
9783551691323,3,Weihnachten im Winterschlaf
9783551807496,2,Snoopy und die Peanuts - Das Glück der kleinen Dinge
9783552075740,1,Das Geschenk
9783596711512,3,Welcome Home - Du liebst dein neues Zuhause. Hier bist du sicher. Oder?
9783596712007,1,Yoga Town
9783608966541,2,Die illustrierten kurzen Antworten auf große Fragen
9783616035406,1,Der Buchladen am Ende der Welt
9783629015341,3,Allüberall hinter den Tannenspitzen sah ich blutige Klingen blitzen
9783629015457,1,Wichtel Nisse und das ungeplante Weihnachtswunder
9783630878126,1,Der stille Freund
9783649632993,2,Advent mit klugen Frauen
9783649646839,2,Snorri und der Nicht-Geburtstag
9783649648482,2,Furzipups und Lulu Lavazunge
9783649650942,1,Die kleine Schnullerfee
9783710608964,2,Ein Fest für Gemüse
9783734107436,1,Dunkles Wasser
9783734860508,2,Wasser - Wo kommt es her? Wo fließt es hin?
9783734860867,1,Familien im Tierreich
9783737102261,1,Lázár
9783740802035,2,Makrönchen Mord & Mandelduft
9783740812492,1,Kling und Glöckchen
9783740824921,1,Eifelschatten
9783740825522,1,Im Bann der Freibeuter
9783742321763,1,'Wenn ich was mach mach ich's gscheid'
9783743202702,3,Komm mit in die Weihnachtsbäckerei
9783743211094,5,Die kleine Maus feiert Weihnachten
9783743213630,1,O du fröhliche!
9783743215955,1,Milo und das Eifersuchtsmonster
9783743217652,2,Die zauberhafte Wichteltür
9783743219038,3,Bildermaus - Die kleine Eisprinzessin
9783743219564,2,Nightmore - Plötzlich Werwolf
9783743220652,2,Na toll ein Weihnachtstroll
9783743221024,1,Unico erwacht (Band 1)
9783746265773,1,Ein Jahr für die Seele 2025/2026
9783751204750,1,Kleb ein buntes Pflaster drauf!
9783751205375,1,KoboldKroniken 5. Rumpels Rückkehr
9783751205788,2,Irida und die Stadt der Geheimnisse
9783751207706,1,Escape School - Der unheimliche Nebel
9783755805229,1,Windstärke 17
9783755805588,1,Zwei Leben
9783757701604,2,Das zweite Königreich
9783758700217,2,Und plötzlich ist nichts mehr wie es war
9783759600325,1,Madwoman
9783764153229,1,Das kleine Böse Buch - Adventskalender
9783764171537,3,Der Regenzaubermarkt
9783764508807,1,Vermisst - Der Fall Emily
9783767019447,2,Heißluftfritteuse vegetarisch
9783788676568,1,Das große WAS IST WAS Antwortbuch Tierwelt
9783788677374,1,WAS IST WAS Erstes Lesen easy! Band 19. Tierische Rekorde
9783789107665,1,Alea Aquarius 10. Der Stern des Schicksals
9783803128836,1,Alle außer mir
9783809447894,4,Schüttel den Weihnachtsbaum
9783815752715,1,Bibelgeschichten für die Kleinsten
9783815793619,2,Meine allerliebsten Kindergebete
9783827015075,2,Mensch!
9783830337027,2,Fiese Bilder - Buchausgabe 2025
9783832167226,1,Crime im Heim
9783833750229,1,Enno - Ein Austernfischer auf Schatzsuche
9783833890581,4,Vegetarische Mezze
9783833892387,2,Brotzeit geht immer!
9783833894893,1,Überraschende Ideen für deinen Airfryer
9783833896057,1,Schnell mal Pasta
9783833906763,1,Weihnachten mit (ohne) Juli
9783833910319,1,Herr Hütchen sagt Gute Nacht - Einschlaf-Geschichten aus dem Wald
9783835358072,1,Die Revolte der Erde
9783839207703,1,Die Schneckenkönigin - 'Wenn aber deine Hand dir ... 
9783845865287,1,Ice-cold Desire
9783855352203,2,Nachtschattengewächse
9783949239250,3,Das kleine Häwas
9783949582448,7,Margot Friedländer. Eine Stimme für das Leben
9783956404450,1,Die Frau als Mensch
9783959392358,1,Stille Post
9783961295166,1,Nanami - Schwimm dich mutig
9783963402609,1,Der Liebe zuliebe
9783963473364,4,Leo Lausemaus lernt Schleifen binden
9783965845619,1,Die Ernährungs-Docs - Unsere große Nährstoffküche
9783968902265,1,YouTube-Chaos
9783969902127,1,Die 25 schönsten E-Bike Touren zwischen Rhein Main und Lahn
9783985852116,2,Der verschwundene Buchladen
9783988160225,1,Die Ausweichschule
9789403832098,2,Weil du es wert bist - Der Selbstliebe Adventskalender für Frauen
9783406836268,1,Anna oder: Was von einem Leben bleibt
