4050003725635,1,Advent mit Hildegard von Bingen
9783751206501,1,Animox  Die Stadt der Haie
9783466311736,1,artgerecht  Das andere SchulkinderBuch
9783770424412,1,Asterix 41
9783770424412,1,Asterix 41
9783492072663,1,Biarritz
9783757102197,1,Bobo Siebenschläfer So schön ist der Winter
9783440179635,1,Die drei   Der Skandal im Spreepalast
9783036950730,1,Die Passantin
9783314104473,1,Edison
9783458644453,1,Eine wunderbare Sache
9783743222397,1,Gespensterjäger auf eisiger Spur
9783786729853,1,Gotteslob dunkelblau Kunstleder
9783462007619,1,Junge Frau mit Katze
9783365011713,1,Kiss me in Winter Eine sugar coated Romance
9783960310600,1,Mainzer Stadtspaziergänge XI
9781035702503,1,Mein erstes FahrzeugeKlappenbuch Bagger
9783789161742,1,Pettersson kriegt Weihnachtsbesuch
9783736305564,1,Save Me
4050003722788,1,Sherlock Holmes  Die mysteriöse Jagd durch London
9783789141843,1,Weihnachten mit Astrid Lindgren
,1,
9783423765855,1,Alle nennen mich NeinSam  Ein ahnungsloser Mops beißt sich durch
9783423765855,1,Alle nennen mich NeinSam  Ein ahnungsloser Mops beißt sich durch
9783406836268,1,Anna oder Was von einem Leben bleibt
9783423264457,1,ApfelstrudelAlibi
9783423765947,1,Aristide Ledoux  Meisterdieb wider Willen
,1,Benno Bibers Weihnachtswerkstatt
9783129496640,1,Bibi  Tina Die 6 schönsten ReiterhofAbenteuer
9783129496640,1,Bibi  Tina Die 6 schönsten ReiterhofAbenteuer
9783404194902,1,Das Kamelienhaus
9783103976571,1,Das Schwarz an den Händen meines Vaters
9783103976571,1,Das Schwarz an den Händen meines Vaters
9783426281758,1,Der Nachbar
9783426281758,1,Der Nachbar
9783426281758,1,Der Nachbar
9783423284523,1,Der Pinguin der fliegen lernte
9783328303855,1,Der Weihnachtskauz
9783036961996,1,Die Entflammten
9783036961996,1,Die Entflammten
9783423283922,1,Du musst meine Hand fester halten Nr 104
9783401722054,1,Ella und der Einhornzauber
9783257073355,1,Für Polina
9783328604280,1,Himmelerdenblau
9783423765879,1,Kalle Keks  Krümel  Die verzauberte Wichteltür
9783401721620,1,Kleines Einhorn Funkelstern  Der geheimnisvolle Freundschaftszauber
9783411717804,1,Kleines Kuriositätenkabinett der deutschen Sprache
9783411717804,1,Kleines Kuriositätenkabinett der deutschen Sprache
9783401721187,1,Marini Marienkäfer Sei nicht traurig
9783257247886,1,Melody
9783401721415,1,Mimi Zuckerperle und die Zauberbäckerei
9783401721699,1,Mimi Zuckerperle und die Zauberbäckerei  Die verhexten RegenbogenBrezeln
9783257248067,1,Rauch und Schall
9783150147344,1,Reclams klassischer Adventskalender Was kümmert uns die kalte Nacht
9783150147344,1,Reclams klassischer Adventskalender Was kümmert uns die kalte Nacht
9783401721484,1,Sag laut Nein und geh nicht mit
9783365011515,1,Schneegestöber im kleinen Katzencaf
9783328112631,1,Schwedenträume und Schokoladenzauber
9783423149211,1,Seit er sein Leben mit einem Tier teilt
9783036961941,1,Tage mit mir
9783423264303,1,Verraten
9783401719948,1,Weil wir zusammengehören
9783103973648,1,Wie konnte das geschehen Deutschland 1933 bis 1945
9783401607955,1,Windwalkers  Verborgene Flügel
9783328303909,1,Wir alle geMEINSam
9783407759887,1,Zilly und Zingaro Die verrückte Nacht
,1,
4014489135395,1,Abreißkalender Achtsamkeit für dich 2026
9783462002508,1,Bretonische Versuchungen
9783423284769,1,Die Hummerfrauen
9783473480999,1,KI und du
,1,
9783453442139,1,Achtsam morden durch bewusste Ernährung
9783453607019,1,Allein mit dem Handy So schützen wir unsere Kinder
9783458645344,1,Birdie
9783442762996,1,BLUT
9783426564844,1,Bodenfrost
9783442496891,1,Das Jahr voller Bücher und Wunder
9783462009248,1,Das verborgene Genie
9783462009248,1,Das verborgene Genie
9783453429499,1,Der Lehrer  Will er dir helfen oder will er deinen Tod
9783442142682,1,Der Salzpfad
9783442142682,1,Der Salzpfad
9783440179741,1,Die Auferstehung
9783440179741,1,Die Auferstehung
9783426530405,1,Die Bibliothek im Nebel
9783442317844,1,Die Briefeschreiberin
9783440182154,1,Die drei  Adventskalender 3 Wirbel um das WeihnachtsPony
9783440182154,1,Die drei  Adventskalender 3 Wirbel um das WeihnachtsPony
9783440179680,1,Die drei   Diebstahl im Weihnachtsdorf
9783440182840,1,Die drei  Kids  Der Adventskalender
9783440182840,1,Die drei  Kids  Der Adventskalender
9783426659588,1,Die Frauen von Helgoland Windflüchterin
,1,Die Jagd nach dem magischen Detektivkoffer
9783473463985,1,Die unendliche Klassenfahrt  Spuk auf Burg Hammelstein
9783473463985,1,Die unendliche Klassenfahrt  Spuk auf Burg Hammelstein
9783442496532,1,Eine fast perfekte Frau
9783440182581,1,EXIT  Das Buch Der Adventskalender Die Intrige im Herrenhaus
9783440182581,1,EXIT  Das Buch Der Adventskalender Die Intrige im Herrenhaus
9783473464180,1,Hase Hibiskus und die KEinschlafparty
9783473463619,1,Leserabe Sonderausgaben  Zauberhafte Weihnachtsgeschichten für Erstleser
9783473419227,1,Lotta feiert Weihnachten
9783426566787,1,Meet Me Under the Mistletoe
,1,Möchte die Wittwe angesprochen werden
9783442206544,1,Montmartre  Licht und Schatten
9783453443174,1,Munk
9783453443174,1,Munk
9783473586837,1,Northern Nights
9783442775415,1,Trophäe
9783442775415,1,Trophäe
9783458645245,1,Vom Glück im Chor zu singen
9783453442153,1,Wenn sie wüsste
9783442317684,1,Wer Zwietracht sät
9783442317684,1,Wer Zwietracht sät
9783473326976,1,Wieso Weshalb Warum aktivHeft  Fußball
9783473329540,1,Wieso Weshalb Warum junior Band 44  Was machen wir an Weihnachten
9783462008272,1,Zeit sich aus dem Staub zu machen
9783442774241,1,Zwischen Welten
,1,
9783649632993,1,Advent mit klugen Frauen
9783629015341,1,Allüberall hinter den Tannenspitzen sah ich blutige Klingen blitzen
9783629015341,1,Allüberall hinter den Tannenspitzen sah ich blutige Klingen blitzen
9783551657374,1,Das BiberRätsel
9783551657374,1,Das BiberRätsel
9783552075740,1,Das Geschenk
9783616035406,1,Der Buchladen am Ende der Welt
9783630878126,1,Der stille Freund
9783551523198,1,Der Tag an dem Max dreimal ins Auto gekotzt hat
9783551691262,1,Die Fellfreunde und das DschungelAbenteuer
9783608966541,1,Die illustrierten kurzen Antworten auf große Fragen
9783608966541,1,Die illustrierten kurzen Antworten auf große Fragen
9783743211094,1,Die kleine Maus feiert Weihnachten
9783649650942,1,Die kleine Schnullerfee
9783551254047,1,Die schönsten Weihnachtslieder
9783551522337,1,Drachenstarke Weihnachtsnacht
9783734107436,1,Dunkles Wasser
9783740824921,1,Eifelschatten
9783710608964,1,Ein Fest für Gemüse
9783734860867,1,Familien im Tierreich
9783649648482,1,Furzipups und Lulu Lavazunge
9783740825522,1,Im Bann der Freibeuter
9783551557575,1,Jakob und Jelena
9783740812492,1,Kling und Glöckchen
9783743202702,1,Komm mit in die Weihnachtsbäckerei
9783743202702,1,Komm mit in die Weihnachtsbäckerei
9783737102261,1,Lzr
9783740802035,1,Makrönchen Mord  Mandelduft
9783551280725,1,Marvel Das große silberne SpideyBuch
9783551807496,1,Snoopy und die Peanuts  Das Glück der kleinen Dinge
9783649646839,1,Snorri und der NichtGeburtstag
9783551586407,1,Stadt der Magier und Diebe
9783734860508,1,Wasser  Wo kommt es her Wo fließt es hin
9783551691323,1,Weihnachten im Winterschlaf
9783551691323,1,Weihnachten im Winterschlaf
9783596711512,1,Welcome Home  Du liebst dein neues Zuhause Hier bist du sicher Oder
9783742321763,1,Wenn ich was mach mach ichs gscheid
9783629015457,1,Wichtel Nisse und das ungeplante Weihnachtswunder
9783551559531,1,Wir Jungs vom Prinzenpark
9783551691316,1,Wortsalat und Buchstabensuppe
9783551691316,1,Wortsalat und Buchstabensuppe
9783596712007,1,Yoga Town
,1,
9783833894893,1,Überraschende Ideen für deinen Airfryer
9783789107665,1,Alea Aquarius  Der Stern des Schicksals
9783803128836,1,Alle außer mir
9783815752715,1,Bibelgeschichten für die Kleinsten
9783743219038,1,Bildermaus  Die kleine Eisprinzessin
9783743219038,1,Bildermaus  Die kleine Eisprinzessin
9783833892387,1,Brotzeit geht immer
9783832167226,1,Crime im Heim
9783788676568,1,Das große WAS IST WAS Antwortbuch Tierwelt
9783764153229,1,Das kleine Böse Buch  Adventskalender
9783757701604,1,Das zweite Königreich
9783764171537,1,Der Regenzaubermarkt
9783743217652,1,Die zauberhafte Wichteltür
9783743217652,1,Die zauberhafte Wichteltür
9783746265773,1,Ein Jahr für die Seele 20252026
9783833750229,1,Enno  Ein Austernfischer auf Schatzsuche
9783751207706,1,Escape School  Der unheimliche Nebel
9783830337027,1,Fiese Bilder  Buchausgabe 2025
9783767019447,1,Heißluftfritteuse vegetarisch
9783751205788,1,Irida und die Stadt der Geheimnisse
9783751204750,1,Kleb ein buntes Pflaster drauf
9783751205375,1,KoboldKroniken  Rumpels Rückkehr
9783759600325,1,Madwoman
9783815793619,1,Meine allerliebsten Kindergebete
9783827015075,1,Mensch
9783827015075,1,Mensch
9783743215955,1,Milo und das Eifersuchtsmonster
9783743220652,1,Na toll ein Weihnachtstroll
9783743220652,1,Na toll ein Weihnachtstroll
9783743219564,1,Nightmore  Plötzlich Werwolf
9783743213630,1,O du fröhliche
9783809447894,1,Schüttel den Weihnachtsbaum
9783809447894,1,Schüttel den Weihnachtsbaum
9783809447894,1,Schüttel den Weihnachtsbaum
9783833896057,1,Schnell mal Pasta
9783758700217,1,Und plötzlich ist nichts mehr wie es war
9783758700217,1,Und plötzlich ist nichts mehr wie es war
9783743221024,1,Unico erwacht 1
9783833890581,1,Vegetarische Mezze
9783764508807,1,Vermisst  Der Fall Emily
9783788677374,1,WAS IST WAS Erstes Lesen easy Band 19 Tierische Rekorde
9783755805229,1,Windstärke 17
9783755805588,1,Zwei Leben
,1,
9783406836268,1,Anna oder Was von einem Leben bleibt
9783949239250,1,Das kleine Häwas
9783949239250,1,Das kleine Häwas
9783963402609,1,Der Liebe zuliebe
9783985852116,1,Der verschwundene Buchladen
9783969902127,1,Die 25 schönsten EBike Touren zwischen Rhein Main und Lahn
9783988160225,1,Die Ausweichschule
9783965845619,1,Die ErnährungsDocs  Unsere große Nährstoffküche
9783956404450,1,Die Frau als Mensch
9783839207703,1,Die Revolte der Erde
,1,die schneekönigin
9783833910319,1,Herr Hütchen sagt Gute Nacht  EinschlafGeschichten aus dem Wald
9783845865287,1,Icecold Desire
9783963473364,1,Leo Lausemaus lernt Schleifen binden
9783949582448,1,Margot Friedländer  Eine Stimme für das Leben
9783949582448,1,Margot Friedländer  Eine Stimme für das Leben
9783855352203,1,Nachtschattengewächse
9783961295166,1,Nanami  Schwimm dich mutig
9783959392358,1,Stille Post
9783833906763,1,Weihnachten mit ohne Juli
,1,Weil du es wert bist  Der Selbstliebe Adventskalender für Frauen
9783968902265,1,YouTubeChaos
,1,
9783548070476,1,25 letzte Sommer
9783551173478,1,Alle putzen Zähne
9783499003776,1,Besser fühlen
9783522188593,1,Das große Geschichtenfest
9783505152023,1,Das kleine Zuhause in Prag
9783518432266,1,Das Narrenschiff
9783492321990,1,Der Maler und das reine Blau des Himmels
9783492321990,1,Der Maler und das reine Blau des Himmels
9783498007706,1,Die Assistentin
9783492321761,1,Die geheime Weihnachtsbibliothek
9783492066242,1,Die mutige Rebellin
9783499014383,1,Die schönste Version
9783522459488,1,Dr Brumms verrückte Woche
9783522459488,1,Dr Brumms verrückte Woche
9783499004049,1,Eifelfrauen Das Haus der Füchsin
9783499009938,1,Eine halbe Ewigkeit
9783492073660,1,Ein Herz aus Papier und Sternen
9783499012693,1,Ein Ort für immer
9783499016134,1,Ihr habt es gut ihr habt ja mich
9783499011306,1,Iowa
9783522186735,1,Kleine Lesehelden Hörbe mit dem großen Hut
9783492065290,1,Leichtes Herz und schwere Beine
9783551191540,1,Mach deinen Medienführerschein Dein großes Mitmachbuch
9783551192530,1,Mein MutmachMitmachbuch
9783518432204,1,Mein Name ist Emilia del Valle
,1,Minecraft Lexikon der Mobs
9783518001301,1,Mit Männern leben
9783522204064,1,Momo
9783550201776,1,Organisch
9783550201776,1,Organisch
9783492071833,1,Sonnenaufgang Nr 5
9783492322188,1,Späte Ernte
9783505152887,1,Spekulatius der Weihnachtsdrache  Spekulatius und der Schneeriese
9783492072458,1,Und ohne Tabu explodiert die Welt
9783522900003,1,Velvet Falls but the Gods forgot to die
9783473600762,1,Wieso Weshalb Warum junior AKTIV  Auf dem Ponyhof
9783473600892,1,Wieso Weshalb Warum Sonderband  Mein ABC der Tiere
,1,Wieso Weshalb Warum Meine Vorlesegeschichten
9783522509565,1,Winona und der Ruf der Wiccas
,1,
