Anzahl,isbn,Titel
1,9783518432204,Mein Name ist Emilia del Valle
1,9783551254047,Die schönsten Weihnachtslieder
2,9783150147344,Reclams klassischer Adventskalender Was kümmert uns die kalte Nacht
15,,
1,9783839207703,Die Revolte der Erde
1,9783551523198,Der Tag an dem Max dreimal ins Auto gekotzt hat
1,9783755805588,Zwei Leben
2,9783036961996,Die Entflammten
1,9783845865287,Icecold Desire
1,9783764153229,Das kleine Böse Buch  Adventskalender
1,9783630878126,Der stille Freund
2,9783770424412,Asterix 41
1,9783616035406,Der Buchladen am Ende der Welt
2,9783103976571,Das Schwarz an den Händen meines Vaters
1,9783855352203,Nachtschattengewächse
3,9783809447894,Schüttel den Weihnachtsbaum
1,9783833892387,Brotzeit geht immer
2,9783551691316,Wortsalat und Buchstabensuppe
1,9783499016134,Ihr habt es gut ihr habt ja mich
1,9783453429499,Der Lehrer  Will er dir helfen oder will er deinen Tod
1,9783505152887,Spekulatius der Weihnachtsdrache  Spekulatius und der Schneeriese
1,9783649648482,Furzipups und Lulu Lavazunge
1,9783442774241,Zwischen Welten
3,9783426281758,Der Nachbar
2,9783423765855,Alle nennen mich NeinSam  Ein ahnungsloser Mops beißt sich durch
1,9783551173478,Alle putzen Zähne
1,9783365011713,Kiss me in Winter Eine sugar coated Romance
2,9783440182840,Die drei  Kids  Der Adventskalender
1,9783473480999,KI und du
1,9783401721620,Kleines Einhorn Funkelstern  Der geheimnisvolle Freundschaftszauber
1,9783505152023,Das kleine Zuhause in Prag
2,9783440182154,Die drei  Adventskalender 3 Wirbel um das WeihnachtsPony
1,9783442317844,Die Briefeschreiberin
1,9783423149211,Seit er sein Leben mit einem Tier teilt
1,9783498007706,Die Assistentin
2,9783462009248,Das verborgene Genie
2,9783743219038,Bildermaus  Die kleine Eisprinzessin
2,9783442142682,Der Salzpfad
1,9783103973648,Wie konnte das geschehen Deutschland 1933 bis 1945
1,9783423765879,Kalle Keks  Krümel  Die verzauberte Wichteltür
1,9783649650942,Die kleine Schnullerfee
1,9783401721415,Mimi Zuckerperle und die Zauberbäckerei
1,9783440179635,Die drei   Der Skandal im Spreepalast
1,9783518432266,Das Narrenschiff
1,9783551191540,Mach deinen Medienführerschein Dein großes Mitmachbuch
1,9783551807496,Snoopy und die Peanuts  Das Glück der kleinen Dinge
1,9783257247886,Melody
1,4050003725635,Advent mit Hildegard von Bingen
1,9783755805229,Windstärke 17
1,9783759600325,Madwoman
1,9783426566787,Meet Me Under the Mistletoe
1,9783401721187,Marini Marienkäfer Sei nicht traurig
1,9783423283922,Du musst meine Hand fester halten Nr 104
2,9783453443174,Munk
1,9783492066242,Die mutige Rebellin
1,9783522188593,Das große Geschichtenfest
1,9783423284523,Der Pinguin der fliegen lernte
1,9783740802035,Makrönchen Mord  Mandelduft
1,9783963402609,Der Liebe zuliebe
1,9783833896057,Schnell mal Pasta
1,9783551559531,Wir Jungs vom Prinzenpark
1,9783257248067,Rauch und Schall
1,9783743213630,O du fröhliche
1,9783959392358,Stille Post
1,9783764508807,Vermisst  Der Fall Emily
1,9783746265773,Ein Jahr für die Seele 20252026
1,9783328604280,Himmelerdenblau
1,9783401722054,Ella und der Einhornzauber
1,9783551586407,Stadt der Magier und Diebe
1,9783789107665,Alea Aquarius  Der Stern des Schicksals
1,9783036950730,Die Passantin
1,9783988160225,Die Ausweichschule
1,9783803128836,Alle außer mir
1,9783985852116,Der verschwundene Buchladen
1,9783736305564,Save Me
1,9783442762996,BLUT
1,9783036961941,Tage mit mir
1,9783551280725,Marvel Das große silberne SpideyBuch
2,9783522459488,Dr Brumms verrückte Woche
1,9783751207706,Escape School  Der unheimliche Nebel
1,9783743211094,Die kleine Maus feiert Weihnachten
1,9783833910319,Herr Hütchen sagt Gute Nacht  EinschlafGeschichten aus dem Wald
1,9783751205375,KoboldKroniken  Rumpels Rückkehr
1,9783551522337,Drachenstarke Weihnachtsnacht
1,9783751204750,Kleb ein buntes Pflaster drauf
1,9783314104473,Edison
1,9783499009938,Eine halbe Ewigkeit
1,9783453442139,Achtsam morden durch bewusste Ernährung
1,9783328303909,Wir alle geMEINSam
1,9783473600892,Wieso Weshalb Warum Sonderband  Mein ABC der Tiere
1,9783453442153,Wenn sie wüsste
1,9783757102197,Bobo Siebenschläfer So schön ist der Winter
1,9783649632993,Advent mit klugen Frauen
1,9783551192530,Mein MutmachMitmachbuch
1,9783788677374,WAS IST WAS Erstes Lesen easy Band 19 Tierische Rekorde
2,9783550201776,Organisch
2,9783949582448,Margot Friedländer  Eine Stimme für das Leben
1,9783833894893,Überraschende Ideen für deinen Airfryer
1,9783740812492,Kling und Glöckchen
1,9783734860867,Familien im Tierreich
1,9783551691262,Die Fellfreunde und das DschungelAbenteuer
1,9783960310600,Mainzer Stadtspaziergänge XI
1,9783710608964,Ein Fest für Gemüse
1,9783423264457,ApfelstrudelAlibi
1,9783499014383,Die schönste Version
1,9783492322188,Späte Ernte
1,9783788676568,Das große WAS IST WAS Antwortbuch Tierwelt
1,9783963473364,Leo Lausemaus lernt Schleifen binden
1,9783426564844,Bodenfrost
1,4050003722788,Sherlock Holmes  Die mysteriöse Jagd durch London
2,9783608966541,Die illustrierten kurzen Antworten auf große Fragen
1,9783786729853,Gotteslob dunkelblau Kunstleder
1,9783462002508,Bretonische Versuchungen
1,9783401607955,Windwalkers  Verborgene Flügel
1,9783956404450,Die Frau als Mensch
1,9783552075740,Das Geschenk
2,9783440182581,EXIT  Das Buch Der Adventskalender Die Intrige im Herrenhaus
2,9783551691323,Weihnachten im Winterschlaf
1,9783961295166,Nanami  Schwimm dich mutig
1,9783453607019,Allein mit dem Handy So schützen wir unsere Kinder
1,9783423264303,Verraten
1,9783522900003,Velvet Falls but the Gods forgot to die
1,9783499011306,Iowa
2,9783949239250,Das kleine Häwas
1,9783499004049,Eifelfrauen Das Haus der Füchsin
1,9783833750229,Enno  Ein Austernfischer auf Schatzsuche
1,9783596711512,Welcome Home  Du liebst dein neues Zuhause Hier bist du sicher Oder
2,9783411717804,Kleines Kuriositätenkabinett der deutschen Sprache
1,9783830337027,Fiese Bilder  Buchausgabe 2025
1,9783473463619,Leserabe Sonderausgaben  Zauberhafte Weihnachtsgeschichten für Erstleser
1,4014489135395,Abreißkalender Achtsamkeit für dich 2026
1,9783473600762,Wieso Weshalb Warum junior AKTIV  Auf dem Ponyhof
1,9783458645245,Vom Glück im Chor zu singen
1,9783757701604,Das zweite Königreich
1,9783551557575,Jakob und Jelena
1,9783734860508,Wasser  Wo kommt es her Wo fließt es hin
1,9783473586837,Northern Nights
1,9783522509565,Winona und der Ruf der Wiccas
1,9783492073660,Ein Herz aus Papier und Sternen
1,9783442496891,Das Jahr voller Bücher und Wunder
1,9783833890581,Vegetarische Mezze
1,9783462007619,Junge Frau mit Katze
1,9783458644453,Eine wunderbare Sache
1,9783832167226,Crime im Heim
1,9783473326976,Wieso Weshalb Warum aktivHeft  Fußball
1,9783365011515,Schneegestöber im kleinen Katzencaf
1,9783740824921,Eifelschatten
1,9783742321763,Wenn ich was mach mach ichs gscheid
1,9783740825522,Im Bann der Freibeuter
1,9783968902265,YouTubeChaos
1,9783743215955,Milo und das Eifersuchtsmonster
1,9783649646839,Snorri und der NichtGeburtstag
1,9783426530405,Die Bibliothek im Nebel
1,9783764171537,Der Regenzaubermarkt
1,9783442206544,Montmartre  Licht und Schatten
2,9783442775415,Trophäe
1,9783522186735,Kleine Lesehelden Hörbe mit dem großen Hut
1,9783492072663,Biarritz
1,9783440179680,Die drei   Diebstahl im Weihnachtsdorf
1,9783522204064,Momo
1,9783462008272,Zeit sich aus dem Staub zu machen
1,9783401719948,Weil wir zusammengehören
1,9783629015457,Wichtel Nisse und das ungeplante Weihnachtswunder
2,9783442317684,Wer Zwietracht sät
1,9783423765947,Aristide Ledoux  Meisterdieb wider Willen
1,9783328303855,Der Weihnachtskauz
1,9783257073355,Für Polina
1,9783499003776,Besser fühlen
1,9783751205788,Irida und die Stadt der Geheimnisse
1,9783743219564,Nightmore  Plötzlich Werwolf
2,9783743220652,Na toll ein Weihnachtstroll
2,9783743217652,Die zauberhafte Wichteltür
1,9783442496532,Eine fast perfekte Frau
1,9783458645344,Birdie
1,9783404194902,Das Kamelienhaus
1,9783743221024,Unico erwacht 1
2,9783758700217,Und plötzlich ist nichts mehr wie es war
1,9783473419227,Lotta feiert Weihnachten
1,9783492072458,Und ohne Tabu explodiert die Welt
1,9783548070476,25 letzte Sommer
1,9783969902127,Die 25 schönsten EBike Touren zwischen Rhein Main und Lahn
2,9783129496640,Bibi  Tina Die 6 schönsten ReiterhofAbenteuer
1,9783492071833,Sonnenaufgang Nr 5
1,9783473329540,Wieso Weshalb Warum junior Band 44  Was machen wir an Weihnachten
1,9781035702503,Mein erstes FahrzeugeKlappenbuch Bagger
1,9783423284769,Die Hummerfrauen
1,9783401721484,Sag laut Nein und geh nicht mit
1,9783499012693,Ein Ort für immer
1,9783401721699,Mimi Zuckerperle und die Zauberbäckerei  Die verhexten RegenbogenBrezeln
1,9783815752715,Bibelgeschichten für die Kleinsten
1,9783734107436,Dunkles Wasser
2,9783743202702,Komm mit in die Weihnachtsbäckerei
1,9783473464180,Hase Hibiskus und die KEinschlafparty
2,9783440179741,Die Auferstehung
1,9783789161742,Pettersson kriegt Weihnachtsbesuch
1,9783518001301,Mit Männern leben
1,9783596712007,Yoga Town
2,9783406836268,Anna oder Was von einem Leben bleibt
1,9783492321761,Die geheime Weihnachtsbibliothek
1,9783767019447,Heißluftfritteuse vegetarisch
2,9783473463985,Die unendliche Klassenfahrt  Spuk auf Burg Hammelstein
1,9783328112631,Schwedenträume und Schokoladenzauber
1,9783789141843,Weihnachten mit Astrid Lindgren
2,9783492321990,Der Maler und das reine Blau des Himmels
1,9783965845619,Die ErnährungsDocs  Unsere große Nährstoffküche
1,9783737102261,Lzr
1,9783407759887,Zilly und Zingaro Die verrückte Nacht
1,9783833906763,Weihnachten mit ohne Juli
1,9783466311736,artgerecht  Das andere SchulkinderBuch
1,9783815793619,Meine allerliebsten Kindergebete
2,9783827015075,Mensch
2,9783551657374,Das BiberRätsel
1,9783492065290,Leichtes Herz und schwere Beine
1,9783743222397,Gespensterjäger auf eisiger Spur
1,9783426659588,Die Frauen von Helgoland Windflüchterin
1,9783751206501,Animox  Die Stadt der Haie
2,9783629015341,Allüberall hinter den Tannenspitzen sah ich blutige Klingen blitzen
